,Region/Group,Country Code,year,population,gdp,co2,co2_per_capita,co2_per_gdp,co2_per_unit_energy,energy_per_gdp
484,Africa,AFR,1960,283922289.0,,156.567,0.552,0.345,,
485,Africa,AFR,1961,290814083.0,,161.994,0.558,0.349,,
486,Africa,AFR,1962,297959967.0,,166.335,0.559,0.346,,
487,Africa,AFR,1963,305371382.0,,176.335,0.578,0.342,,
488,Africa,AFR,1964,313060731.0,,193.639,0.619,0.356,,
489,Africa,AFR,1965,321013569.0,,213.634,0.667,0.373,0.437,
490,Africa,AFR,1966,329252360.0,,221.082,0.673,0.375,0.437,
491,Africa,AFR,1967,337851070.0,,237.045,0.703,0.395,0.468,
492,Africa,AFR,1968,346800965.0,,257.271,0.743,0.41,0.479,
493,Africa,AFR,1969,356032572.0,,277.717,0.781,0.41,0.515,
494,Africa,AFR,1970,365552194.0,,302.406,0.829,0.411,0.521,
495,Africa,AFR,1971,375326467.0,,331.613,0.885,0.43,0.535,
496,Africa,AFR,1972,385312221.0,,351.688,0.914,0.438,0.539,
497,Africa,AFR,1973,395821972.0,,377.821,0.956,0.452,0.543,
498,Africa,AFR,1974,406870347.0,,388.183,0.956,0.44,0.531,
499,Africa,AFR,1975,418433494.0,,387.017,0.926,0.436,0.49,
500,Africa,AFR,1976,430496972.0,,419.915,0.977,0.445,0.492,
501,Africa,AFR,1977,442660474.0,,432.919,0.979,0.441,0.484,
502,Africa,AFR,1978,455539246.0,,462.339,1.016,0.459,0.5,
503,Africa,AFR,1979,469198447.0,,498.987,1.065,0.472,0.499,
504,Africa,AFR,1980,483051703.0,,536.023,1.111,0.485,0.303,
505,Africa,AFR,1981,497620997.0,,548.882,1.105,0.491,0.284,
506,Africa,AFR,1982,512958818.0,,571.969,1.117,0.497,0.279,
507,Africa,AFR,1983,528232712.0,,594.811,1.128,0.513,0.28,
508,Africa,AFR,1984,543638102.0,,649.591,1.197,0.547,0.293,
509,Africa,AFR,1985,559664031.0,,666.142,1.192,0.541,0.29,
510,Africa,AFR,1986,575967283.0,,690.176,1.2,0.549,0.293,
511,Africa,AFR,1987,592601301.0,,690.283,1.167,0.542,0.286,
512,Africa,AFR,1988,609387686.0,,725.373,1.192,0.545,0.281,
513,Africa,AFR,1989,626359180.0,,698.583,1.117,0.509,0.269,
514,Africa,AFR,1990,643775320.0,,658.344,1.024,0.473,0.246,
515,Africa,AFR,1991,661103806.0,,687.67,1.042,0.479,0.256,
516,Africa,AFR,1992,678558076.0,,666.66,0.984,0.457,0.245,
517,Africa,AFR,1993,696621727.0,,706.442,1.016,0.472,0.26,
518,Africa,AFR,1994,714502658.0,,790.234,1.108,0.506,0.284,
519,Africa,AFR,1995,732695476.0,,844.549,1.154,0.516,0.29,
520,Africa,AFR,1996,751473728.0,,872.284,1.162,0.496,0.292,
521,Africa,AFR,1997,770384702.0,,893.938,1.162,0.482,0.294,
522,Africa,AFR,1998,789981698.0,,912.482,1.157,0.467,0.299,
523,Africa,AFR,1999,810079818.0,,899.879,1.112,0.439,0.284,
524,Africa,AFR,2000,830582806.0,,930.851,1.122,0.429,0.285,
525,Africa,AFR,2001,851690329.0,,920.602,1.082,0.398,0.272,
526,Africa,AFR,2002,873411364.0,,899.996,1.032,0.364,0.262,
527,Africa,AFR,2003,895734453.0,,989.645,1.106,0.374,0.275,
528,Africa,AFR,2004,918778450.0,,1045.726,1.14,0.367,0.274,
529,Africa,AFR,2005,942546623.0,,1059.372,1.126,0.345,0.273,
530,Africa,AFR,2006,966932346.0,,1091.176,1.13,0.329,0.276,
531,Africa,AFR,2007,992055831.0,,1116.9,1.127,0.31,0.275,
532,Africa,AFR,2008,1018065513.0,,1174.755,1.156,0.301,0.27,
533,Africa,AFR,2009,1044777740.0,,1168.25,1.12,0.283,0.27,
534,Africa,AFR,2010,1072216718.0,,1216.669,1.136,0.271,0.269,
535,Africa,AFR,2011,1100148882.0,,1257.421,1.145,0.272,0.27,
536,Africa,AFR,2012,1128843697.0,,1268.948,1.126,0.259,0.263,
537,Africa,AFR,2013,1158780551.0,,1282.542,1.108,0.253,0.255,
538,Africa,AFR,2014,1189220573.0,,1357.349,1.143,0.257,0.26,
539,Africa,AFR,2015,1220075728.0,,1332.662,1.094,0.245,0.256,
540,Africa,AFR,2016,1251208654.0,,1375.131,1.1,0.248,0.256,
541,Africa,AFR,2017,1282902302.0,,1393.216,1.087,0.243,0.255,
542,Africa,AFR,2018,1315409965.0,,1386.654,1.055,0.234,0.25,
543,Africa,AFR,2019,1348005687.0,,1479.412,1.099,0.242,0.26,
544,Africa,AFR,2020,1380821355.0,,1355.782,0.983,0.227,0.25,
545,Africa,AFR,2021,1413753270.0,,1441.534,1.021,0.229,0.256,
546,Africa,AFR,2022,1446883817.0,,1432.503,0.991,0.22,0.414,
547,Africa,AFR,2023,1480770740.0,,1418.739,0.959,,0.415,
2876,Asia,ASI,1960,1691762689.0,,1538.649,0.909,0.568,,
2877,Asia,ASI,1961,1718156542.0,,1393.511,0.811,0.512,,
2878,Asia,ASI,1962,1753318917.0,,1342.609,0.766,0.465,,
2879,Asia,ASI,1963,1799305118.0,,1423.141,0.791,0.457,,
2880,Asia,ASI,1964,1847441779.0,,1507.418,0.816,0.442,,
2881,Asia,ASI,1965,1894030096.0,,1649.873,0.871,0.459,0.323,
2882,Asia,ASI,1966,1940186410.0,,1797.063,0.926,0.473,0.32,
2883,Asia,ASI,1967,1986308204.0,,1825.098,0.919,0.455,0.313,
2884,Asia,ASI,1968,2034769705.0,,2015.996,0.991,0.472,0.322,
2885,Asia,ASI,1969,2085428644.0,,2289.412,1.098,0.488,0.317,
2886,Asia,ASI,1970,2136911800.0,,2697.75,1.262,0.525,0.327,
2887,Asia,ASI,1971,2187672734.0,,2953.393,1.35,0.545,0.328,
2888,Asia,ASI,1972,2237825637.0,,3129.125,1.398,0.548,0.324,
2889,Asia,ASI,1973,2288852578.0,,3351.564,1.464,0.506,0.322,
2890,Asia,ASI,1974,2339398093.0,,3411.199,1.458,0.539,0.322,
2891,Asia,ASI,1975,2388510796.0,,3577.897,1.498,0.539,0.322,
2892,Asia,ASI,1976,2436467523.0,,3803.975,1.561,0.55,0.323,
2893,Asia,ASI,1977,2484229194.0,,4048.552,1.63,0.554,0.324,
2894,Asia,ASI,1978,2531837751.0,,4230.989,1.671,0.544,0.319,
2895,Asia,ASI,1979,2580755579.0,,4405.182,1.707,0.543,0.317,
2896,Asia,ASI,1980,2631643578.0,,4399.586,1.672,0.493,0.304,
2897,Asia,ASI,1981,2683999130.0,,4373.089,1.629,0.473,0.298,
2898,Asia,ASI,1982,2738669561.0,,4522.608,1.651,0.468,0.301,
2899,Asia,ASI,1983,2794057024.0,,4704.945,1.684,0.464,0.296,
2900,Asia,ASI,1984,2849479890.0,,4979.162,1.747,0.465,0.294,
2901,Asia,ASI,1985,2906232637.0,,5269.918,1.813,0.47,0.27,
2902,Asia,ASI,1986,2964898212.0,,5495.256,1.853,0.471,0.27,
2903,Asia,ASI,1987,3025641761.0,,5730.537,1.894,0.464,0.264,
2904,Asia,ASI,1988,3086642984.0,,6189.667,2.005,0.472,0.267,
2905,Asia,ASI,1989,3147693774.0,,6405.749,2.035,0.471,0.264,
2906,Asia,ASI,1990,3209094416.0,,6584.308,2.052,0.462,0.262,
2907,Asia,ASI,1991,3268207591.0,,7361.138,2.252,0.499,0.28,
2908,Asia,ASI,1992,3324812376.0,,7209.855,2.168,0.467,0.259,
2909,Asia,ASI,1993,3380039932.0,,7540.911,2.231,0.464,0.259,
2910,Asia,ASI,1994,3433680246.0,,7895.757,2.3,0.465,0.258,
2911,Asia,ASI,1995,3486817941.0,,8265.562,2.371,0.458,0.259,
2912,Asia,ASI,1996,3539849815.0,,8605.014,2.431,0.45,0.258,
2913,Asia,ASI,1997,3592367924.0,,8723.257,2.428,0.441,0.254,
2914,Asia,ASI,1998,3644341777.0,,8481.06,2.327,0.428,0.247,
2915,Asia,ASI,1999,3695620593.0,,8971.64,2.428,0.437,0.253,
2916,Asia,ASI,2000,3746832774.0,,9336.837,2.492,0.431,0.253,
2917,Asia,ASI,2001,3797954098.0,,9521.609,2.507,0.424,0.25,
2918,Asia,ASI,2002,3847359676.0,,10040.597,2.61,0.426,0.251,
2919,Asia,ASI,2003,3895799452.0,,11046.249,2.835,0.443,0.256,
2920,Asia,ASI,2004,3944378409.0,,11699.782,2.966,0.439,0.247,
2921,Asia,ASI,2005,3992890562.0,,12552.623,3.144,0.44,0.246,
2922,Asia,ASI,2006,4041771421.0,,13404.329,3.316,0.437,0.249,
2923,Asia,ASI,2007,4090564354.0,,14136.139,3.456,0.43,0.247,
2924,Asia,ASI,2008,4139267473.0,,14858.406,3.59,0.433,0.251,
2925,Asia,ASI,2009,4188829442.0,,15394.146,3.675,0.433,0.255,
2926,Asia,ASI,2010,4238694946.0,,16554.266,3.906,0.43,0.258,
2927,Asia,ASI,2011,4288349990.0,,17787.42,4.148,0.437,0.264,
2928,Asia,ASI,2012,4338443549.0,,18455.439,4.254,0.43,0.264,
2929,Asia,ASI,2013,4387757389.0,,18692.012,4.26,0.413,0.261,
2930,Asia,ASI,2014,4435744582.0,,18940.043,4.27,0.397,0.257,
2931,Asia,ASI,2015,4482088478.0,,19047.488,4.25,0.379,0.254,
2932,Asia,ASI,2016,4527178156.0,,19192.705,4.239,0.362,0.252,
2933,Asia,ASI,2017,4571224662.0,,19737.521,4.318,0.354,0.25,
2934,Asia,ASI,2018,4612352863.0,,20335.523,4.409,0.347,0.248,
2935,Asia,ASI,2019,4651098712.0,,20889.145,4.491,0.343,0.248,
2936,Asia,ASI,2020,4686811205.0,,20634.852,4.403,0.343,0.246,
2937,Asia,ASI,2021,4716999175.0,,21640.396,4.588,0.337,0.245,
2938,Asia,ASI,2022,4746329726.0,,21815.756,4.596,0.327,0.245,
2939,Asia,ASI,2023,4776659632.0,,22600.221,4.731,,0.244,
3324,Asia (excl. China and India),ASI-XCNIN,1960,592598208.0,,628.524,1.046,0.423,,
3325,Asia (excl. China and India),ASI-XCNIN,1961,607267008.0,,702.477,1.141,0.436,,
3326,Asia (excl. China and India),ASI-XCNIN,1962,622299328.0,,750.41,1.189,0.436,,
3327,Asia (excl. China and India),ASI-XCNIN,1963,637740736.0,,823.918,1.274,0.449,,
3328,Asia (excl. China and India),ASI-XCNIN,1964,653663296.0,,907.293,1.368,0.457,,
3329,Asia (excl. China and India),ASI-XCNIN,1965,670107776.0,,995.885,1.464,0.475,0.337,
3330,Asia (excl. China and India),ASI-XCNIN,1966,687092352.0,,1088.231,1.561,0.48,0.329,
3331,Asia (excl. China and India),ASI-XCNIN,1967,704564416.0,,1205.317,1.689,0.496,0.329,
3332,Asia (excl. China and India),ASI-XCNIN,1968,722409088.0,,1346.42,1.842,0.5,0.333,
3333,Asia (excl. China and India),ASI-XCNIN,1969,740471936.0,,1504.315,2.007,0.506,0.328,
3334,Asia (excl. China and India),ASI-XCNIN,1970,758641344.0,,1708.075,2.225,0.526,0.333,
3335,Asia (excl. China and India),ASI-XCNIN,1971,777905408.0,,1852.22,2.358,0.538,0.343,
3336,Asia (excl. China and India),ASI-XCNIN,1972,797185536.0,,1957.444,2.436,0.525,0.337,
3337,Asia (excl. China and India),ASI-XCNIN,1973,816476480.0,,2134.177,2.594,0.475,0.334,
3338,Asia (excl. China and India),ASI-XCNIN,1974,835769728.0,,2167.246,2.574,0.52,0.339,
3339,Asia (excl. China and India),ASI-XCNIN,1975,855059072.0,,2160.473,2.509,0.501,0.335,
3340,Asia (excl. China and India),ASI-XCNIN,1976,874674496.0,,2332.804,2.65,0.504,0.34,
3341,Asia (excl. China and India),ASI-XCNIN,1977,894287808.0,,2448.759,2.721,0.503,0.341,
3342,Asia (excl. China and India),ASI-XCNIN,1978,913899456.0,,2475.061,2.69,0.485,0.329,
3343,Asia (excl. China and India),ASI-XCNIN,1979,933512320.0,,2603.236,2.768,0.485,0.327,
3344,Asia (excl. China and India),ASI-XCNIN,1980,953128576.0,,2613.379,2.719,0.435,0.31,
3345,Asia (excl. China and India),ASI-XCNIN,1981,975398272.0,,2581.635,2.627,0.415,0.301,
3346,Asia (excl. China and India),ASI-XCNIN,1982,997670720.0,,2590.643,2.578,0.403,0.297,
3347,Asia (excl. China and India),ASI-XCNIN,1983,1019946368.0,,2658.529,2.587,0.399,0.289,
3348,Asia (excl. China and India),ASI-XCNIN,1984,1042225024.0,,2772.774,2.639,0.4,0.284,
3349,Asia (excl. China and India),ASI-XCNIN,1985,1064506496.0,,2874.243,2.677,0.401,0.244,
3350,Asia (excl. China and India),ASI-XCNIN,1986,1087435008.0,,2964.734,2.703,0.401,0.243,
3351,Asia (excl. China and India),ASI-XCNIN,1987,1110367488.0,,3017.455,2.693,0.389,0.234,
3352,Asia (excl. China and India),ASI-XCNIN,1988,1133304832.0,,3272.081,2.86,0.399,0.238,
3353,Asia (excl. China and India),ASI-XCNIN,1989,1156249088.0,,3401.443,2.913,0.397,0.238,
3354,Asia (excl. China and India),ASI-XCNIN,1990,1179201536.0,,3521.457,2.958,0.386,0.236,
3355,Asia (excl. China and India),ASI-XCNIN,1991,1201470848.0,,4139.677,3.411,0.436,0.267,
3356,Asia (excl. China and India),ASI-XCNIN,1992,1223748352.0,,3823.621,3.09,0.389,0.232,
3357,Asia (excl. China and India),ASI-XCNIN,1993,1246032768.0,,3941.96,3.127,0.387,0.232,
3358,Asia (excl. China and India),ASI-XCNIN,1994,1268324224.0,,4077.954,3.177,0.389,0.229,
3359,Asia (excl. China and India),ASI-XCNIN,1995,1290621824.0,,4143.464,3.172,0.376,0.223,
3360,Asia (excl. China and India),ASI-XCNIN,1996,1311356032.0,,4272.576,3.214,0.367,0.221,
3361,Asia (excl. China and India),ASI-XCNIN,1997,1332095744.0,,4349.651,3.217,0.36,0.216,
3362,Asia (excl. China and India),ASI-XCNIN,1998,1352834688.0,,4240.7,3.085,0.355,0.213,
3363,Asia (excl. China and India),ASI-XCNIN,1999,1373564032.0,,4453.602,3.187,0.364,0.216,
3364,Asia (excl. China and India),ASI-XCNIN,2000,1394278144.0,,4701.167,3.312,0.364,0.22,
3365,Asia (excl. China and India),ASI-XCNIN,2001,1414560640.0,,4792.573,3.325,0.363,0.218,
3366,Asia (excl. China and India),ASI-XCNIN,2002,1434827392.0,,4905.411,3.353,0.357,0.217,
3367,Asia (excl. China and India),ASI-XCNIN,2003,1455085696.0,,5137.394,3.461,0.356,0.22,
3368,Asia (excl. China and India),ASI-XCNIN,2004,1475345408.0,,5348.604,3.551,0.348,0.218,
3369,Asia (excl. China and India),ASI-XCNIN,2005,1495613952.0,,5475.925,3.583,0.338,0.216,
3370,Asia (excl. China and India),ASI-XCNIN,2006,1515745664.0,,5617.514,3.622,0.328,0.216,
3371,Asia (excl. China and India),ASI-XCNIN,2007,1535886592.0,,5760.085,3.659,0.317,0.214,
3372,Asia (excl. China and India),ASI-XCNIN,2008,1556035456.0,,5867.472,3.673,0.311,0.213,
3373,Asia (excl. China and India),ASI-XCNIN,2009,1576189568.0,,5890.85,3.635,0.311,0.217,
3374,Asia (excl. China and India),ASI-XCNIN,2010,1597083136.0,,6256.353,3.806,0.308,0.216,
3375,Asia (excl. China and India),ASI-XCNIN,2011,1616812416.0,,6490.375,3.894,0.305,0.22,
3376,Asia (excl. China and India),ASI-XCNIN,2012,1635507328.0,,6750.448,3.994,0.305,0.223,
3377,Asia (excl. China and India),ASI-XCNIN,2013,1655209600.0,,6740.584,3.935,0.294,0.22,
3378,Asia (excl. China and India),ASI-XCNIN,2014,1674412928.0,,6801.443,3.919,0.287,0.218,
3379,Asia (excl. China and India),ASI-XCNIN,2015,1693619072.0,,6949.812,3.953,0.284,0.218,
3380,Asia (excl. China and India),ASI-XCNIN,2016,1712843008.0,,7075.333,3.977,0.279,0.217,
3381,Asia (excl. China and India),ASI-XCNIN,2017,1732068480.0,,7304.572,4.06,0.278,0.217,
3382,Asia (excl. China and India),ASI-XCNIN,2018,1751295744.0,,7409.474,4.074,0.273,0.216,
3383,Asia (excl. China and India),ASI-XCNIN,2019,1770525184.0,,7562.272,4.113,0.273,0.217,
3384,Asia (excl. China and India),ASI-XCNIN,2020,1788807936.0,,7307.606,3.933,0.271,0.218,
3385,Asia (excl. China and India),ASI-XCNIN,2021,1806393856.0,,7518.262,4.007,0.267,0.216,
3386,Asia (excl. China and India),ASI-XCNIN,2022,1822759552.0,,7634.052,4.027,0.26,0.223,
3387,Asia (excl. China and India),ASI-XCNIN,2023,1839126400.0,,7635.394,3.985,,0.221,
15129,Europe,EUR,1960,606404009.0,,3964.941,6.541,0.86,,
15130,Europe,EUR,1961,612457729.0,,4109.839,6.713,0.843,,
15131,Europe,EUR,1962,618417566.0,,4336.908,7.015,0.848,,
15132,Europe,EUR,1963,624200480.0,,4609.9,7.388,0.86,,
15133,Europe,EUR,1964,629767760.0,,4839.824,7.688,0.851,,
15134,Europe,EUR,1965,635030906.0,,4982.21,7.848,0.839,0.409,
15135,Europe,EUR,1966,640036994.0,,5153.738,8.055,0.83,0.411,
15136,Europe,EUR,1967,644732600.0,,5267.683,8.173,0.816,0.409,
15137,Europe,EUR,1968,649249404.0,,5513.143,8.495,0.811,0.402,
15138,Europe,EUR,1969,653780348.0,,5813.301,8.895,0.814,0.395,
15139,Europe,EUR,1970,657646308.0,,6095.201,9.272,0.805,0.389,
15140,Europe,EUR,1971,661610573.0,,6324.005,9.562,0.804,0.395,
15141,Europe,EUR,1972,666182813.0,,6552.929,9.84,0.798,0.391,
15142,Europe,EUR,1973,670465967.0,,6845.589,10.214,0.737,0.386,
15143,Europe,EUR,1974,674404989.0,,6863.87,10.182,0.768,0.393,
15144,Europe,EUR,1975,677939371.0,,6903.233,10.187,0.766,0.4,
15145,Europe,EUR,1976,681319207.0,,7277.801,10.686,0.777,0.4,
15146,Europe,EUR,1977,684767363.0,,7334.162,10.715,0.76,0.397,
15147,Europe,EUR,1978,688106257.0,,7566.62,11.001,0.762,0.395,
15148,Europe,EUR,1979,691423810.0,,7746.167,11.208,0.757,0.39,
15149,Europe,EUR,1980,694962025.0,,7750.178,11.156,0.701,0.399,
15150,Europe,EUR,1981,698282872.0,,7468.539,10.7,0.672,0.395,
15151,Europe,EUR,1982,701148276.0,,7408.562,10.57,0.661,0.401,
15152,Europe,EUR,1983,703986058.0,,7415.053,10.537,0.649,0.398,
15153,Europe,EUR,1984,706830247.0,,7466.038,10.567,0.64,0.391,
15154,Europe,EUR,1985,709671971.0,,7791.125,10.983,0.652,0.238,
15155,Europe,EUR,1986,712736045.0,,7805.437,10.956,0.635,0.234,
15156,Europe,EUR,1987,715923439.0,,7825.856,10.935,0.623,0.23,
15157,Europe,EUR,1988,719141825.0,,7868.776,10.946,0.607,0.228,
15158,Europe,EUR,1989,722202127.0,,7833.485,10.851,0.588,0.228,
15159,Europe,EUR,1990,724928030.0,,8038.27,11.093,0.605,0.232,
15160,Europe,EUR,1991,727282708.0,,7738.573,10.645,0.582,0.226,
15161,Europe,EUR,1992,728427305.0,,7096.633,9.746,0.541,0.214,
15162,Europe,EUR,1993,728832223.0,,6806.002,9.342,0.524,0.213,
15163,Europe,EUR,1994,729729624.0,,6446.058,8.837,0.492,0.21,
15164,Europe,EUR,1995,730243556.0,,6423.223,8.8,0.478,0.209,
15165,Europe,EUR,1996,730250394.0,,6471.548,8.866,0.471,0.209,
15166,Europe,EUR,1997,730322947.0,,6266.118,8.584,0.441,0.206,
15167,Europe,EUR,1998,729778939.0,,6239.436,8.553,0.426,0.204,
15168,Europe,EUR,1999,729149183.0,,6156.371,8.447,0.405,0.202,
15169,Europe,EUR,2000,729112155.0,,6154.3,8.444,0.384,0.199,
15170,Europe,EUR,2001,729202129.0,,6280.917,8.617,0.378,0.201,
15171,Europe,EUR,2002,730108231.0,,6248.751,8.562,0.366,0.201,
15172,Europe,EUR,2003,731376242.0,,6389.753,8.74,0.363,0.202,
15173,Europe,EUR,2004,732264288.0,,6419.04,8.77,0.35,0.201,
15174,Europe,EUR,2005,733082921.0,,6422.172,8.764,0.337,0.2,
15175,Europe,EUR,2006,733738758.0,,6529.996,8.904,0.326,0.2,
15176,Europe,EUR,2007,734969351.0,,6473.897,8.812,0.308,0.199,
15177,Europe,EUR,2008,736640719.0,,6406.544,8.701,0.297,0.198,
15178,Europe,EUR,2009,738045338.0,,5892.903,7.988,0.285,0.193,
15179,Europe,EUR,2010,739273391.0,,6116.594,8.278,0.286,0.193,
15180,Europe,EUR,2011,740505908.0,,6045.117,8.167,0.274,0.193,
15181,Europe,EUR,2012,741624513.0,,5998.561,8.092,0.271,0.192,
15182,Europe,EUR,2013,742654890.0,,5841.422,7.869,0.263,0.189,
15183,Europe,EUR,2014,743842712.0,,5611.03,7.547,0.248,0.187,
15184,Europe,EUR,2015,745456775.0,,5616.481,7.538,0.246,0.188,
15185,Europe,EUR,2016,747240427.0,,5602.062,7.501,0.241,0.185,
15186,Europe,EUR,2017,748683743.0,,5635.927,7.531,0.236,0.185,
15187,Europe,EUR,2018,749835851.0,,5617.016,7.495,0.23,0.182,
15188,Europe,EUR,2019,750791010.0,,5436.906,7.245,0.219,0.179,
15189,Europe,EUR,2020,750826495.0,,5026.315,6.698,0.214,0.177,
15190,Europe,EUR,2021,749931027.0,,5304.04,7.076,0.214,0.179,
15191,Europe,EUR,2022,748296158.0,,5228.87,6.991,0.207,0.183,
15192,Europe,EUR,2023,746948103.0,,4993.221,6.688,,0.178,
15577,Europe (excl. EU-27),EUR-X27,1960,,,1864.963,7.452,1.193,,
15578,Europe (excl. EU-27),EUR-X27,1961,,,1910.193,7.538,1.16,,
15579,Europe (excl. EU-27),EUR-X27,1962,,,1982.301,7.731,1.156,,
15580,Europe (excl. EU-27),EUR-X27,1963,,,2097.002,8.091,1.172,,
15581,Europe (excl. EU-27),EUR-X27,1964,,,2195.596,8.39,1.157,,
15582,Europe (excl. EU-27),EUR-X27,1965,,,2305.085,8.734,1.168,0.847,
15583,Europe (excl. EU-27),EUR-X27,1966,,,2395.08,9.004,1.16,0.87,
15584,Europe (excl. EU-27),EUR-X27,1967,,,2447.332,9.132,1.136,0.88,
15585,Europe (excl. EU-27),EUR-X27,1968,,,2519.553,9.337,1.114,0.867,
15586,Europe (excl. EU-27),EUR-X27,1969,,,2621.002,9.652,1.128,0.874,
15587,Europe (excl. EU-27),EUR-X27,1970,,,2763.415,10.122,1.127,0.895,
15588,Europe (excl. EU-27),EUR-X27,1971,,,2898.215,10.557,1.14,0.946,
15589,Europe (excl. EU-27),EUR-X27,1972,,,2996.927,10.85,1.141,0.962,
15590,Europe (excl. EU-27),EUR-X27,1973,,,3116.313,11.218,0.945,0.948,
15591,Europe (excl. EU-27),EUR-X27,1974,,,3153.696,11.292,1.105,1.003,
15592,Europe (excl. EU-27),EUR-X27,1975,,,3265.872,11.631,1.123,1.084,
15593,Europe (excl. EU-27),EUR-X27,1976,,,3364.799,11.921,1.126,1.094,
15594,Europe (excl. EU-27),EUR-X27,1977,,,3459.521,12.193,1.125,1.108,
15595,Europe (excl. EU-27),EUR-X27,1978,,,3561.483,12.488,1.127,1.123,
15596,Europe (excl. EU-27),EUR-X27,1979,,,3631.557,12.671,1.125,1.095,
15597,Europe (excl. EU-27),EUR-X27,1980,,,3671.161,12.747,0.959,1.172,
15598,Europe (excl. EU-27),EUR-X27,1981,,,3603.618,12.452,0.934,1.167,
15599,Europe (excl. EU-27),EUR-X27,1982,,,3635.6,12.5,0.93,1.193,
15600,Europe (excl. EU-27),EUR-X27,1983,,,3684.997,12.597,0.917,1.185,
15601,Europe (excl. EU-27),EUR-X27,1984,,,3700.865,12.574,0.906,1.192,
15602,Europe (excl. EU-27),EUR-X27,1985,,,3967.963,13.4,0.953,0.249,
15603,Europe (excl. EU-27),EUR-X27,1986,,,3996.969,13.411,0.931,0.246,
15604,Europe (excl. EU-27),EUR-X27,1987,,,3984.785,13.282,0.91,0.239,
15605,Europe (excl. EU-27),EUR-X27,1988,,,4066.059,13.468,0.907,0.24,
15606,Europe (excl. EU-27),EUR-X27,1989,,,3993.79,13.162,0.874,0.237,
15607,Europe (excl. EU-27),EUR-X27,1990,,,4168.162,13.682,0.926,0.243,
15608,Europe (excl. EU-27),EUR-X27,1991,,,3934.174,12.875,0.899,0.234,
15609,Europe (excl. EU-27),EUR-X27,1992,,,3419.125,11.2,0.838,0.213,
15610,Europe (excl. EU-27),EUR-X27,1993,,,3198.134,10.505,0.812,0.213,
15611,Europe (excl. EU-27),EUR-X27,1994,,,2856.864,9.39,0.759,0.206,
15612,Europe (excl. EU-27),EUR-X27,1995,,,2787.696,9.167,0.741,0.208,
15613,Europe (excl. EU-27),EUR-X27,1996,,,2751.242,9.057,0.725,0.211,
15614,Europe (excl. EU-27),EUR-X27,1997,,,2612.209,8.611,0.665,0.208,
15615,Europe (excl. EU-27),EUR-X27,1998,,,2595.137,8.57,0.652,0.207,
15616,Europe (excl. EU-27),EUR-X27,1999,,,2567.41,8.501,0.616,0.203,
15617,Europe (excl. EU-27),EUR-X27,2000,,,2554.088,8.48,0.571,0.199,
15618,Europe (excl. EU-27),EUR-X27,2001,,,2623.996,8.738,0.559,0.203,
15619,Europe (excl. EU-27),EUR-X27,2002,,,2591.098,8.64,0.528,0.202,
15620,Europe (excl. EU-27),EUR-X27,2003,,,2653.312,8.856,0.509,0.204,
15621,Europe (excl. EU-27),EUR-X27,2004,,,2675.231,8.951,0.482,0.204,
15622,Europe (excl. EU-27),EUR-X27,2005,,,2686.687,9.01,0.457,0.203,
15623,Europe (excl. EU-27),EUR-X27,2006,,,2777.509,9.329,0.443,0.202,
15624,Europe (excl. EU-27),EUR-X27,2007,,,2771.446,9.311,0.413,0.202,
15625,Europe (excl. EU-27),EUR-X27,2008,,,2780.618,9.338,0.398,0.203,
15626,Europe (excl. EU-27),EUR-X27,2009,,,2562.352,8.598,0.385,0.199,
15627,Europe (excl. EU-27),EUR-X27,2010,,,2692.537,9.025,0.388,0.201,
15628,Europe (excl. EU-27),EUR-X27,2011,,,2718.283,9.1,0.375,0.201,
15629,Europe (excl. EU-27),EUR-X27,2012,,,2740.985,9.159,0.368,0.201,
15630,Europe (excl. EU-27),EUR-X27,2013,,,2666.312,8.89,0.352,0.198,
15631,Europe (excl. EU-27),EUR-X27,2014,,,2572.62,8.56,0.336,0.196,
15632,Europe (excl. EU-27),EUR-X27,2015,,,2521.728,8.372,0.331,0.196,
15633,Europe (excl. EU-27),EUR-X27,2016,,,2508.779,8.308,0.326,0.193,
15634,Europe (excl. EU-27),EUR-X27,2017,,,2518.701,8.323,0.32,0.194,
15635,Europe (excl. EU-27),EUR-X27,2018,,,2567.147,8.473,0.319,0.192,
15636,Europe (excl. EU-27),EUR-X27,2019,,,2532.198,8.355,0.308,0.192,
15637,Europe (excl. EU-27),EUR-X27,2020,,,2398.924,7.925,0.308,0.191,
15638,Europe (excl. EU-27),EUR-X27,2021,,,2502.895,8.291,0.304,0.194,
15639,Europe (excl. EU-27),EUR-X27,2022,,,2488.792,8.329,0.305,0.199,
15640,Europe (excl. EU-27),EUR-X27,2023,,,2482.599,8.389,,0.199,
15851,Europe (excl. EU-28),EUR-X28,1960,,,1280.943,6.479,1.523,,
15852,Europe (excl. EU-28),EUR-X28,1961,,,1321.578,6.591,1.467,,
15853,Europe (excl. EU-28),EUR-X28,1962,,,1389.37,6.84,1.444,,
15854,Europe (excl. EU-28),EUR-X28,1963,,,1493.616,7.268,1.484,,
15855,Europe (excl. EU-28),EUR-X28,1964,,,1587.73,7.645,1.478,,
15856,Europe (excl. EU-28),EUR-X28,1965,,,1682.973,8.031,1.49,4.151,
15857,Europe (excl. EU-28),EUR-X28,1966,,,1777.005,8.408,1.476,4.187,
15858,Europe (excl. EU-28),EUR-X28,1967,,,1855.275,8.709,1.457,4.086,
15859,Europe (excl. EU-28),EUR-X28,1968,,,1913.065,8.914,1.422,3.877,
15860,Europe (excl. EU-28),EUR-X28,1969,,,1992.62,9.221,1.432,3.974,
15861,Europe (excl. EU-28),EUR-X28,1970,,,2110.837,9.712,1.41,3.93,
15862,Europe (excl. EU-28),EUR-X28,1971,,,2237.827,10.235,1.429,4.009,
15863,Europe (excl. EU-28),EUR-X28,1972,,,2348.901,10.67,1.452,4.099,
15864,Europe (excl. EU-28),EUR-X28,1973,,,2456.736,11.086,1.106,3.958,
15865,Europe (excl. EU-28),EUR-X28,1974,,,2536.512,11.371,1.416,4.151,
15866,Europe (excl. EU-28),EUR-X28,1975,,,2662.625,11.857,1.441,4.257,
15867,Europe (excl. EU-28),EUR-X28,1976,,,2766.272,12.237,1.453,4.343,
15868,Europe (excl. EU-28),EUR-X28,1977,,,2855.159,12.547,1.451,4.471,
15869,Europe (excl. EU-28),EUR-X28,1978,,,2956.77,12.911,1.469,4.378,
15870,Europe (excl. EU-28),EUR-X28,1979,,,2987.044,12.966,1.46,4.259,
15871,Europe (excl. EU-28),EUR-X28,1980,,,3092.126,13.344,1.159,4.121,
15872,Europe (excl. EU-28),EUR-X28,1981,,,3043.064,13.055,1.121,3.945,
15873,Europe (excl. EU-28),EUR-X28,1982,,,3087.359,13.163,1.124,4.056,
15874,Europe (excl. EU-28),EUR-X28,1983,,,3139.512,13.292,1.116,3.852,
15875,Europe (excl. EU-28),EUR-X28,1984,,,3171.757,13.333,1.113,3.906,
15876,Europe (excl. EU-28),EUR-X28,1985,,,3408.336,14.23,1.182,0.251,
15877,Europe (excl. EU-28),EUR-X28,1986,,,3428.415,14.209,1.159,0.248,
15878,Europe (excl. EU-28),EUR-X28,1987,,,3413.118,14.038,1.146,0.24,
15879,Europe (excl. EU-28),EUR-X28,1988,,,3495.765,14.276,1.159,0.242,
15880,Europe (excl. EU-28),EUR-X28,1989,,,3412.213,13.857,1.111,0.238,
15881,Europe (excl. EU-28),EUR-X28,1990,,,3566.217,14.422,1.191,0.243,
15882,Europe (excl. EU-28),EUR-X28,1991,,,3324.761,13.406,1.151,0.233,
15883,Europe (excl. EU-28),EUR-X28,1992,,,2825.28,11.413,1.092,0.209,
15884,Europe (excl. EU-28),EUR-X28,1993,,,2618.521,10.62,1.086,0.21,
15885,Europe (excl. EU-28),EUR-X28,1994,,,2282.847,9.271,1.048,0.202,
15886,Europe (excl. EU-28),EUR-X28,1995,,,2221.537,9.033,1.039,0.205,
15887,Europe (excl. EU-28),EUR-X28,1996,,,2164.481,8.818,1.016,0.209,
15888,Europe (excl. EU-28),EUR-X28,1997,,,2049.5,8.368,0.925,0.206,
15889,Europe (excl. EU-28),EUR-X28,1998,,,2026.593,8.299,0.916,0.204,
15890,Europe (excl. EU-28),EUR-X28,1999,,,2005.76,8.248,0.855,0.201,
15891,Europe (excl. EU-28),EUR-X28,2000,,,1985.055,8.199,0.769,0.195,
15892,Europe (excl. EU-28),EUR-X28,2001,,,2046.025,8.489,0.742,0.2,
15893,Europe (excl. EU-28),EUR-X28,2002,,,2030.824,8.449,0.695,0.199,
15894,Europe (excl. EU-28),EUR-X28,2003,,,2081.693,8.682,0.658,0.201,
15895,Europe (excl. EU-28),EUR-X28,2004,,,2101.801,8.805,0.608,0.202,
15896,Europe (excl. EU-28),EUR-X28,2005,,,2116.349,8.907,0.57,0.202,
15897,Europe (excl. EU-28),EUR-X28,2006,,,2209.664,9.336,0.545,0.2,
15898,Europe (excl. EU-28),EUR-X28,2007,,,2211.879,9.368,0.497,0.199,
15899,Europe (excl. EU-28),EUR-X28,2008,,,2235.686,9.484,0.471,0.2,
15900,Europe (excl. EU-28),EUR-X28,2009,,,2068.244,8.782,0.46,0.197,
15901,Europe (excl. EU-28),EUR-X28,2010,,,2180.633,9.267,0.458,0.2,
15902,Europe (excl. EU-28),EUR-X28,2011,,,2248.57,9.56,0.447,0.201,
15903,Europe (excl. EU-28),EUR-X28,2012,,,2253.508,9.576,0.434,0.2,
15904,Europe (excl. EU-28),EUR-X28,2013,,,2188.701,9.293,0.415,0.198,
15905,Europe (excl. EU-28),EUR-X28,2014,,,2133.812,9.055,0.404,0.196,
15906,Europe (excl. EU-28),EUR-X28,2015,,,2099.267,8.902,0.404,0.199,
15907,Europe (excl. EU-28),EUR-X28,2016,,,2109.349,8.935,0.404,0.196,
15908,Europe (excl. EU-28),EUR-X28,2017,,,2131.334,9.02,0.4,0.198,
15909,Europe (excl. EU-28),EUR-X28,2018,,,2187.418,9.26,0.4,0.197,
15910,Europe (excl. EU-28),EUR-X28,2019,,,2167.445,9.186,0.388,0.198,
15911,Europe (excl. EU-28),EUR-X28,2020,,,2072.66,8.807,0.381,0.195,
15912,Europe (excl. EU-28),EUR-X28,2021,,,2158.385,9.216,0.377,0.197,
15913,Europe (excl. EU-28),EUR-X28,2022,,,2174.957,9.43,0.393,0.207,
15914,Europe (excl. EU-28),EUR-X28,2023,,,2177.453,9.582,,0.206,
16125,European Union (27),EU-27,1960,355933711.0,,2099.978,5.9,0.689,,
16126,European Union (27),EU-27,1961,358836283.0,,2199.646,6.13,0.682,,
16127,European Union (27),EU-27,1962,361790852.0,,2354.607,6.508,0.692,,
16128,European Union (27),EU-27,1963,364808683.0,,2512.899,6.888,0.703,,
16129,European Union (27),EU-27,1964,367854447.0,,2644.228,7.188,0.698,,
16130,European Union (27),EU-27,1965,370867293.0,,2677.126,7.219,0.675,0.283,
16131,European Union (27),EU-27,1966,373786471.0,,2758.658,7.38,0.666,0.282,
16132,European Union (27),EU-27,1967,376493998.0,,2820.35,7.491,0.656,0.279,
16133,European Union (27),EU-27,1968,379165167.0,,2993.59,7.895,0.66,0.277,
16134,European Union (27),EU-27,1969,381993932.0,,3192.299,8.357,0.663,0.272,
16135,European Union (27),EU-27,1970,384384510.0,,3331.787,8.668,0.65,0.265,
16136,European Union (27),EU-27,1971,386827084.0,,3425.79,8.856,0.643,0.264,
16137,European Union (27),EU-27,1972,389707306.0,,3556.001,9.125,0.637,0.26,
16138,European Union (27),EU-27,1973,392415693.0,,3729.277,9.503,0.623,0.258,
16139,European Union (27),EU-27,1974,394860421.0,,3710.173,9.396,0.61,0.259,
16140,European Union (27),EU-27,1975,396893072.0,,3637.361,9.165,0.596,0.256,
16141,European Union (27),EU-27,1976,398786968.0,,3913.002,9.812,0.613,0.259,
16142,European Union (27),EU-27,1977,400767780.0,,3874.641,9.668,0.59,0.252,
16143,European Union (27),EU-27,1978,402652101.0,,4005.137,9.947,0.592,0.251,
16144,European Union (27),EU-27,1979,404555043.0,,4114.61,10.171,0.587,0.249,
16145,European Union (27),EU-27,1980,406687009.0,,4079.017,10.03,0.564,0.25,
16146,European Union (27),EU-27,1981,408606101.0,,3864.92,9.459,0.533,0.245,
16147,European Union (27),EU-27,1982,410027893.0,,3772.963,9.202,0.517,0.244,
16148,European Union (27),EU-27,1983,411187478.0,,3730.056,9.071,0.504,0.241,
16149,European Union (27),EU-27,1984,412217994.0,,3765.173,9.134,0.497,0.236,
16150,European Union (27),EU-27,1985,413267716.0,,3823.162,9.251,0.491,0.228,
16151,European Union (27),EU-27,1986,414423599.0,,3808.468,9.19,0.476,0.224,
16152,European Union (27),EU-27,1987,415621390.0,,3841.071,9.242,0.469,0.221,
16153,European Union (27),EU-27,1988,416955489.0,,3802.716,9.12,0.448,0.217,
16154,European Union (27),EU-27,1989,418482238.0,,3839.695,9.175,0.438,0.218,
16155,European Union (27),EU-27,1990,419997513.0,,3870.108,9.215,0.441,0.222,
16156,European Union (27),EU-27,1991,421419170.0,,3804.398,9.028,0.426,0.218,
16157,European Union (27),EU-27,1992,422863645.0,,3677.507,8.697,0.407,0.215,
16158,European Union (27),EU-27,1993,424104728.0,,3607.869,8.507,0.399,0.213,
16159,European Union (27),EU-27,1994,425189035.0,,3589.193,8.441,0.384,0.212,
16160,European Union (27),EU-27,1995,425847862.0,,3635.528,8.537,0.376,0.21,
16161,European Union (27),EU-27,1996,426181942.0,,3720.306,8.729,0.374,0.208,
16162,European Union (27),EU-27,1997,426651678.0,,3653.909,8.564,0.355,0.205,
16163,European Union (27),EU-27,1998,426655462.0,,3644.299,8.542,0.342,0.203,
16164,European Union (27),EU-27,1999,426830674.0,,3588.961,8.408,0.325,0.201,
16165,European Union (27),EU-27,2000,427627366.0,,3600.211,8.419,0.311,0.2,
16166,European Union (27),EU-27,2001,428578322.0,,3656.921,8.533,0.307,0.199,
16167,European Union (27),EU-27,2002,429890526.0,,3657.654,8.508,0.301,0.2,
16168,European Union (27),EU-27,2003,431461842.0,,3736.442,8.66,0.302,0.201,
16169,European Union (27),EU-27,2004,433058606.0,,3743.81,8.645,0.292,0.199,
16170,European Union (27),EU-27,2005,434557142.0,,3735.484,8.596,0.284,0.198,
16171,European Union (27),EU-27,2006,435683165.0,,3752.487,8.613,0.273,0.198,
16172,European Union (27),EU-27,2007,436994510.0,,3702.452,8.473,0.258,0.197,
16173,European Union (27),EU-27,2008,438548226.0,,3625.925,8.268,0.249,0.194,
16174,European Union (27),EU-27,2009,439690819.0,,3330.551,7.575,0.237,0.19,
16175,European Union (27),EU-27,2010,440608967.0,,3424.056,7.771,0.237,0.187,
16176,European Union (27),EU-27,2011,441440623.0,,3326.834,7.536,0.225,0.187,
16177,European Union (27),EU-27,2012,441999258.0,,3257.576,7.37,0.222,0.186,
16178,European Union (27),EU-27,2013,442399419.0,,3175.11,7.177,0.216,0.182,
16179,European Union (27),EU-27,2014,442964756.0,,3038.41,6.859,0.204,0.181,
16180,European Union (27),EU-27,2015,443910923.0,,3094.753,6.972,0.203,0.181,
16181,European Union (27),EU-27,2016,444911497.0,,3093.282,6.953,0.199,0.18,
16182,European Union (27),EU-27,2017,445696792.0,,3117.226,6.994,0.194,0.178,
16183,European Union (27),EU-27,2018,446503669.0,,3049.868,6.831,0.186,0.175,
16184,European Union (27),EU-27,2019,447369197.0,,2904.708,6.493,0.174,0.169,
16185,European Union (27),EU-27,2020,447777527.0,,2627.392,5.868,0.167,0.166,
16186,European Union (27),EU-27,2021,447705923.0,,2801.144,6.257,0.169,0.167,
16187,European Union (27),EU-27,2022,449113453.0,,2740.078,6.101,0.16,0.171,
16188,European Union (27),EU-27,2023,450657571.0,,2510.622,5.571,,0.161,
16399,European Union (28),EU-28,1960,,,2683.998,6.571,0.712,,
16400,European Union (28),EU-28,1961,,,2788.26,6.772,0.702,,
16401,European Union (28),EU-28,1962,,,2947.538,7.101,0.709,,
16402,European Union (28),EU-28,1963,,,3116.284,7.447,0.715,,
16403,European Union (28),EU-28,1964,,,3252.094,7.709,0.705,,
16404,European Union (28),EU-28,1965,,,3299.237,7.759,0.686,0.28,
16405,European Union (28),EU-28,1966,,,3376.733,7.881,0.675,0.279,
16406,European Union (28),EU-28,1967,,,3412.407,7.909,0.659,0.274,
16407,European Union (28),EU-28,1968,,,3600.078,8.287,0.66,0.272,
16408,European Union (28),EU-28,1969,,,3820.681,8.734,0.665,0.269,
16409,European Union (28),EU-28,1970,,,3984.364,9.054,0.656,0.263,
16410,European Union (28),EU-28,1971,,,4086.178,9.23,0.649,0.264,
16411,European Union (28),EU-28,1972,,,4204.028,9.431,0.638,0.259,
16412,European Union (28),EU-28,1973,,,4388.854,9.783,0.622,0.256,
16413,European Union (28),EU-28,1974,,,4327.357,9.593,0.606,0.257,
16414,European Union (28),EU-28,1975,,,4240.608,9.359,0.592,0.255,
16415,European Union (28),EU-28,1976,,,4511.528,9.916,0.604,0.257,
16416,European Union (28),EU-28,1977,,,4479.002,9.802,0.583,0.251,
16417,European Union (28),EU-28,1978,,,4609.85,10.047,0.582,0.25,
16418,European Union (28),EU-28,1979,,,4759.123,10.329,0.581,0.248,
16419,European Union (28),EU-28,1980,,,4658.052,10.061,0.555,0.25,
16420,European Union (28),EU-28,1981,,,4425.475,9.519,0.527,0.244,
16421,European Union (28),EU-28,1982,,,4321.203,9.267,0.511,0.244,
16422,European Union (28),EU-28,1983,,,4275.541,9.145,0.497,0.24,
16423,European Union (28),EU-28,1984,,,4294.281,9.163,0.487,0.235,
16424,European Union (28),EU-28,1985,,,4382.789,9.328,0.483,0.228,
16425,European Union (28),EU-28,1986,,,4377.022,9.29,0.469,0.225,
16426,European Union (28),EU-28,1987,,,4412.739,9.339,0.461,0.222,
16427,European Union (28),EU-28,1988,,,4373.01,9.226,0.439,0.218,
16428,European Union (28),EU-28,1989,,,4421.271,9.295,0.431,0.22,
16429,European Union (28),EU-28,1990,,,4472.053,9.368,0.435,0.224,
16430,European Union (28),EU-28,1991,,,4413.811,9.215,0.424,0.221,
16431,European Union (28),EU-28,1992,,,4271.353,8.888,0.405,0.217,
16432,European Union (28),EU-28,1993,,,4187.481,8.688,0.396,0.214,
16433,European Union (28),EU-28,1994,,,4163.21,8.616,0.381,0.214,
16434,European Union (28),EU-28,1995,,,4201.687,8.681,0.372,0.211,
16435,European Union (28),EU-28,1996,,,4307.067,8.89,0.371,0.209,
16436,European Union (28),EU-28,1997,,,4216.618,8.692,0.352,0.206,
16437,European Union (28),EU-28,1998,,,4212.842,8.681,0.339,0.204,
16438,European Union (28),EU-28,1999,,,4150.611,8.546,0.323,0.202,
16439,European Union (28),EU-28,2000,,,4169.245,8.567,0.31,0.202,
16440,European Union (28),EU-28,2001,,,4234.892,8.68,0.306,0.201,
16441,European Union (28),EU-28,2002,,,4217.927,8.618,0.299,0.202,
16442,European Union (28),EU-28,2003,,,4308.061,8.769,0.299,0.203,
16443,European Union (28),EU-28,2004,,,4317.239,8.753,0.29,0.2,
16444,European Union (28),EU-28,2005,,,4305.823,8.696,0.281,0.2,
16445,European Union (28),EU-28,2006,,,4320.333,8.697,0.271,0.199,
16446,European Union (28),EU-28,2007,,,4262.018,8.549,0.257,0.2,
16447,European Union (28),EU-28,2008,,,4170.858,8.332,0.248,0.196,
16448,European Union (28),EU-28,2009,,,3824.658,7.616,0.236,0.191,
16449,European Union (28),EU-28,2010,,,3935.961,7.815,0.236,0.19,
16450,European Union (28),EU-28,2011,,,3796.547,7.519,0.223,0.189,
16451,European Union (28),EU-28,2012,,,3745.053,7.402,0.221,0.188,
16452,European Union (28),EU-28,2013,,,3652.721,7.208,0.215,0.184,
16453,European Union (28),EU-28,2014,,,3477.217,6.847,0.201,0.182,
16454,European Union (28),EU-28,2015,,,3517.214,6.906,0.199,0.182,
16455,European Union (28),EU-28,2016,,,3492.712,6.838,0.194,0.179,
16456,European Union (28),EU-28,2017,,,3504.593,6.844,0.189,0.177,
16457,European Union (28),EU-28,2018,,,3429.598,6.682,0.181,0.174,
16458,European Union (28),EU-28,2019,,,3269.461,6.355,0.17,0.169,
16459,European Union (28),EU-28,2020,,,2953.655,5.734,0.164,0.166,
16460,European Union (28),EU-28,2021,,,3145.654,6.104,0.165,0.168,
16461,European Union (28),EU-28,2022,,,3053.913,5.904,0.155,0.169,
16462,European Union (28),EU-28,2023,,,2815.768,5.422,,0.16,
31425,Namibia,NAM,1960,591471.0,2867998976.0,,,,,
31426,Namibia,NAM,1961,603074.0,2900112896.0,,,,,
31427,Namibia,NAM,1962,615758.0,3308291072.0,,,,,
31428,Namibia,NAM,1963,629592.0,3639713792.0,,,,,
31429,Namibia,NAM,1964,644539.0,4229748480.0,,,,,
31430,Namibia,NAM,1965,660569.0,4514360320.0,,,,,
31431,Namibia,NAM,1966,677663.0,4687573504.0,,,,,
31432,Namibia,NAM,1967,696051.0,4497763840.0,,,,,
31433,Namibia,NAM,1968,715551.0,4535325696.0,,,,,
31434,Namibia,NAM,1969,736125.0,4693327360.0,,,,,
31435,Namibia,NAM,1970,757875.0,4713505792.0,,,,,
31436,Namibia,NAM,1971,780587.0,4960272384.0,,,,,
31437,Namibia,NAM,1972,804410.0,5058890240.0,,,,,
31438,Namibia,NAM,1973,828932.0,5258220544.0,,,,,
31439,Namibia,NAM,1974,854325.0,5633366016.0,,,,,
31440,Namibia,NAM,1975,881040.0,5760140288.0,,,,,
31441,Namibia,NAM,1976,906573.0,5845501440.0,,,,,
31442,Namibia,NAM,1977,931119.0,5846523392.0,,,,,
31443,Namibia,NAM,1978,947277.0,6014421504.0,,,,,
31444,Namibia,NAM,1979,962823.0,6241708032.0,,,,,
31445,Namibia,NAM,1980,981439.0,6658126336.0,,,,,
31446,Namibia,NAM,1981,992508.0,6738145792.0,,,,,
31447,Namibia,NAM,1982,1010316.0,6665391104.0,,,,,
31448,Namibia,NAM,1983,1037521.0,6504121856.0,,,,,
31449,Namibia,NAM,1984,1065994.0,6477849600.0,,,,,
31450,Namibia,NAM,1985,1096897.0,6497712128.0,,,,,
31451,Namibia,NAM,1986,1131083.0,6859107840.0,,,,,
31452,Namibia,NAM,1987,1167899.0,7151987712.0,,,,,
31453,Namibia,NAM,1988,1209700.0,7178627584.0,,,,,
31454,Namibia,NAM,1989,1288956.0,7336171008.0,,,,,
31455,Namibia,NAM,1990,1369308.0,7363139072.0,,,,,1.38
31456,Namibia,NAM,1991,1415689.0,7919428608.0,1.044,0.738,0.132,0.193,0.682
31457,Namibia,NAM,1992,1461326.0,8581728256.0,1.136,0.777,0.132,0.226,0.585
31458,Namibia,NAM,1993,1508699.0,8429493248.0,1.374,0.911,0.163,0.218,0.749
31459,Namibia,NAM,1994,1556315.0,9059011584.0,1.557,1.001,0.172,0.259,0.665
31460,Namibia,NAM,1995,1602182.0,9444539392.0,1.619,1.011,0.171,0.171,1.002
31461,Namibia,NAM,1996,1646107.0,9761026048.0,1.718,1.044,0.176,0.187,0.941
31462,Namibia,NAM,1997,1689275.0,10187928576.0,1.817,1.076,0.178,0.205,0.871
31463,Namibia,NAM,1998,1732747.0,10539117568.0,1.865,1.076,0.177,0.191,0.925
31464,Namibia,NAM,1999,1776370.0,10909783040.0,1.74,0.98,0.16,0.133,1.197
31465,Namibia,NAM,2000,1818651.0,11306497024.0,1.722,0.947,0.152,0.136,1.122
31466,Namibia,NAM,2001,1857058.0,11455709184.0,2.228,1.2,0.194,0.152,1.281
31467,Namibia,NAM,2002,1889977.0,12021866496.0,1.971,1.043,0.164,0.14,1.174
31468,Namibia,NAM,2003,1917468.0,12213390336.0,2.092,1.091,0.171,0.141,1.218
31469,Namibia,NAM,2004,1942087.0,13656395776.0,2.242,1.155,0.164,0.145,1.136
31470,Namibia,NAM,2005,1966581.0,14023333888.0,2.528,1.286,0.18,0.155,1.166
31471,Namibia,NAM,2006,1991889.0,15035738112.0,2.517,1.264,0.167,0.154,1.084
31472,Namibia,NAM,2007,2018607.0,15866804224.0,2.327,1.153,0.147,0.139,1.057
31473,Namibia,NAM,2008,2047059.0,16311346176.0,2.858,1.396,0.175,0.162,1.084
31474,Namibia,NAM,2009,2077400.0,16383138816.0,2.664,1.282,0.163,0.148,1.1
31475,Namibia,NAM,2010,2109813.0,17398593536.0,2.785,1.32,0.16,0.15,1.066
31476,Namibia,NAM,2011,2146330.0,18309341184.0,2.782,1.296,0.152,0.144,1.052
31477,Namibia,NAM,2012,2194657.0,19236165632.0,3.201,1.459,0.166,0.161,1.032
31478,Namibia,NAM,2013,2252506.0,20316274688.0,3.59,1.594,0.177,0.175,1.011
31479,Namibia,NAM,2014,2312144.0,21554145280.0,3.74,1.618,0.174,0.171,1.013
31480,Namibia,NAM,2015,2374305.0,22473213952.0,3.932,1.656,0.175,0.172,1.017
31481,Namibia,NAM,2016,2439219.0,22480857088.0,3.974,1.629,0.177,0.173,1.019
31482,Namibia,NAM,2017,2506855.0,22249979904.0,4.099,1.635,0.184,0.174,1.06
31483,Namibia,NAM,2018,2577327.0,22485829632.0,4.21,1.633,0.187,0.181,1.035
31484,Namibia,NAM,2019,2650500.0,22297167872.0,4.239,1.599,0.19,0.187,1.015
31485,Namibia,NAM,2020,2728763.0,20505366528.0,3.832,1.404,0.187,0.172,1.088
31486,Namibia,NAM,2021,2810553.0,21049989120.0,3.901,1.388,0.185,0.176,1.052
31487,Namibia,NAM,2022,2889668.0,21858732032.0,4.085,1.414,0.187,,
31488,Namibia,NAM,2023,2963101.0,,4.174,1.409,,,
33638,North America,NAM,1960,269079989.0,,3189.242,11.985,0.841,,
33639,North America,NAM,1961,274662993.0,,3184.442,11.723,0.819,,
33640,North America,NAM,1962,280344703.0,,3309.487,11.937,0.803,,
33641,North America,NAM,1963,285962472.0,,3442.646,12.172,0.799,,
33642,North America,NAM,1964,291551205.0,,3621.593,12.559,0.792,,
33643,North America,NAM,1965,297056448.0,,3771.814,12.837,0.775,0.233,
33644,North America,NAM,1966,302406120.0,,3956.438,13.227,0.763,0.232,
33645,North America,NAM,1967,307620055.0,,4127.06,13.563,0.775,0.233,
33646,North America,NAM,1968,312721533.0,,4289.614,13.867,0.767,0.229,
33647,North America,NAM,1969,317807448.0,,4501.617,14.319,0.778,0.228,
33648,North America,NAM,1970,323225986.0,,4862.468,15.206,0.833,0.237,
33649,North America,NAM,1971,328861429.0,,4915.923,15.11,0.815,0.234,
33650,North America,NAM,1972,334187762.0,,5161.898,15.613,0.811,0.233,
33651,North America,NAM,1973,339231480.0,,5397.119,16.081,0.801,0.233,
33652,North America,NAM,1974,344226863.0,,5251.302,15.42,0.775,0.23,
33653,North America,NAM,1975,349224548.0,,5128.3,14.843,0.754,0.23,
33654,North America,NAM,1976,354178873.0,,5434.773,15.51,0.759,0.232,
33655,North America,NAM,1977,359152719.0,,5591.318,15.736,0.749,0.231,
33656,North America,NAM,1978,364168538.0,,5677.353,15.758,0.719,0.229,
33657,North America,NAM,1979,369229436.0,,5792.686,15.858,0.706,0.231,
33658,North America,NAM,1980,374396442.0,,5620.345,15.174,0.679,0.227,
33659,North America,NAM,1981,379564350.0,,5494.563,14.632,0.644,0.227,
33660,North America,NAM,1982,384744466.0,,5262.526,13.825,0.629,0.225,
33661,North America,NAM,1983,389995263.0,,5202.27,13.483,0.601,0.223,
33662,North America,NAM,1984,395240034.0,,5460.077,13.963,0.591,0.223,
33663,North America,NAM,1985,400471532.0,,5463.63,13.789,0.57,0.222,
33664,North America,NAM,1986,405669381.0,,5448.31,13.574,0.553,0.22,
33665,North America,NAM,1987,410877346.0,,5654.344,13.908,0.555,0.221,
33666,North America,NAM,1988,416201789.0,,5903.792,14.336,0.557,0.221,
33667,North America,NAM,1989,421643638.0,,6015.955,14.419,0.549,0.22,
33668,North America,NAM,1990,427527961.0,,5988.813,14.156,0.537,0.219,
33669,North America,NAM,1991,433792302.0,,5934.664,13.825,0.532,0.217,
33670,North America,NAM,1992,440060880.0,,6060.854,13.917,0.525,0.218,
33671,North America,NAM,1993,446185587.0,,6165.8,13.963,0.52,0.217,
33672,North America,NAM,1994,452083590.0,,6289.066,14.056,0.509,0.216,
33673,North America,NAM,1995,457858561.0,,6349.006,14.01,0.504,0.214,
33674,North America,NAM,1996,463530240.0,,6569.388,14.318,0.502,0.214,
33675,North America,NAM,1997,469106558.0,,6686.24,14.399,0.488,0.216,
33676,North America,NAM,1998,474677555.0,,6757.986,14.382,0.471,0.217,
33677,North America,NAM,1999,480238626.0,,6853.051,14.415,0.456,0.216,
33678,North America,NAM,2000,485805119.0,,7098.336,14.758,0.452,0.218,
33679,North America,NAM,2001,491432288.0,,7009.265,14.405,0.442,0.22,
33680,North America,NAM,2002,497028237.0,,7060.732,14.345,0.437,0.218,
33681,North America,NAM,2003,502587581.0,,7174.326,14.413,0.432,0.221,
33682,North America,NAM,2004,508166865.0,,7274.384,14.452,0.422,0.219,
33683,North America,NAM,2005,513798973.0,,7321.313,14.384,0.41,0.219,
33684,North America,NAM,2006,519545237.0,,7258.981,14.102,0.394,0.218,
33685,North America,NAM,2007,525495111.0,,7363.736,14.141,0.392,0.217,
33686,North America,NAM,2008,531569985.0,,7131.514,13.537,0.379,0.215,
33687,North America,NAM,2009,537617445.0,,6649.442,12.479,0.363,0.209,
33688,North America,NAM,2010,543593306.0,,6863.159,12.736,0.364,0.21,
33689,North America,NAM,2011,549552423.0,,6765.769,12.417,0.352,0.207,
33690,North America,NAM,2012,555486379.0,,6581.796,11.949,0.334,0.205,
33691,North America,NAM,2013,561345646.0,,6716.957,12.065,0.335,0.205,
33692,North America,NAM,2014,567078661.0,,6754.753,12.008,0.328,0.204,
33693,North America,NAM,2015,572637311.0,,6604.085,11.624,0.313,0.201,
33694,North America,NAM,2016,578186325.0,,6467.17,11.272,0.301,0.197,
33695,North America,NAM,2017,583669315.0,,6417.92,11.079,0.292,0.194,
33696,North America,NAM,2018,589049568.0,,6597.806,11.283,0.292,0.194,
33697,North America,NAM,2019,594346833.0,,6493.359,11.004,0.281,0.192,
33698,North America,NAM,2020,598250660.0,,5826.628,9.809,0.262,0.186,
33699,North America,NAM,2021,600876352.0,,6192.752,10.379,0.263,0.188,
33700,North America,NAM,2022,604356251.0,,6267.443,10.443,0.26,0.19,
33701,North America,NAM,2023,608770557.0,,6123.55,10.128,,0.188,
34086,North America (excl. USA),NAM-XUSA,1960,,,291.927,3.401,0.553,,
34087,North America (excl. USA),NAM-XUSA,1961,,,297.569,3.376,0.543,,
34088,North America (excl. USA),NAM-XUSA,1962,,,315.585,3.486,0.544,,
34089,North America (excl. USA),NAM-XUSA,1963,,,316.158,3.4,0.514,,
34090,North America (excl. USA),NAM-XUSA,1964,,,357.28,3.739,0.535,,
34091,North America (excl. USA),NAM-XUSA,1965,,,372.267,3.792,0.526,0.217,
34092,North America (excl. USA),NAM-XUSA,1966,,,385.016,3.818,0.511,0.211,
34093,North America (excl. USA),NAM-XUSA,1967,,,421.599,4.07,0.534,0.222,
34094,North America (excl. USA),NAM-XUSA,1968,,,448.695,4.22,0.536,0.221,
34095,North America (excl. USA),NAM-XUSA,1969,,,466.472,4.276,0.529,0.216,
34096,North America (excl. USA),NAM-XUSA,1970,,,522.782,4.669,0.567,0.226,
34097,North America (excl. USA),NAM-XUSA,1971,,,550.458,4.79,0.569,0.23,
34098,North America (excl. USA),NAM-XUSA,1972,,,588.883,5.0,0.572,0.226,
34099,North America (excl. USA),NAM-XUSA,1973,,,611.685,5.072,0.554,0.217,
34100,North America (excl. USA),NAM-XUSA,1974,,,629.883,5.101,0.544,0.214,
34101,North America (excl. USA),NAM-XUSA,1975,,,649.737,5.141,0.542,0.222,
34102,North America (excl. USA),NAM-XUSA,1976,,,686.662,5.313,0.547,0.223,
34103,North America (excl. USA),NAM-XUSA,1977,,,701.365,5.311,0.539,0.215,
34104,North America (excl. USA),NAM-XUSA,1978,,,735.644,5.454,0.533,0.217,
34105,North America (excl. USA),NAM-XUSA,1979,,,783.73,5.691,0.535,0.221,
34106,North America (excl. USA),NAM-XUSA,1980,,,811.467,5.774,0.529,0.202,
34107,North America (excl. USA),NAM-XUSA,1981,,,807.82,5.637,0.5,0.197,
34108,North America (excl. USA),NAM-XUSA,1982,,,814.925,5.579,0.513,0.2,
34109,North America (excl. USA),NAM-XUSA,1983,,,772.559,5.19,0.487,0.192,
34110,North America (excl. USA),NAM-XUSA,1984,,,797.589,5.258,0.482,0.188,
34111,North America (excl. USA),NAM-XUSA,1985,,,810.691,5.246,0.474,0.185,
34112,North America (excl. USA),NAM-XUSA,1986,,,784.599,4.984,0.459,0.179,
34113,North America (excl. USA),NAM-XUSA,1987,,,828.332,5.165,0.471,0.183,
34114,North America (excl. USA),NAM-XUSA,1988,,,852.933,5.219,0.472,0.182,
34115,North America (excl. USA),NAM-XUSA,1989,,,883.411,5.304,0.473,0.184,
34116,North America (excl. USA),NAM-XUSA,1990,,,867.856,5.114,0.454,0.181,
34117,North America (excl. USA),NAM-XUSA,1991,,,871.707,5.044,0.45,0.18,
34118,North America (excl. USA),NAM-XUSA,1992,,,886.627,5.041,0.446,0.179,
34119,North America (excl. USA),NAM-XUSA,1993,,,892.95,4.99,0.438,0.178,
34120,North America (excl. USA),NAM-XUSA,1994,,,924.787,5.082,0.434,0.176,
34121,North America (excl. USA),NAM-XUSA,1995,,,923.746,4.994,0.436,0.173,
34122,North America (excl. USA),NAM-XUSA,1996,,,956.405,5.089,0.434,0.174,
34123,North America (excl. USA),NAM-XUSA,1997,,,998.098,5.229,0.427,0.179,
34124,North America (excl. USA),NAM-XUSA,1998,,,1024.706,5.288,0.417,0.183,
34125,North America (excl. USA),NAM-XUSA,1999,,,1049.134,5.336,0.407,0.183,
34126,North America (excl. USA),NAM-XUSA,2000,,,1088.201,5.455,0.397,0.182,
34127,North America (excl. USA),NAM-XUSA,2001,,,1101.525,5.445,0.395,0.187,
34128,North America (excl. USA),NAM-XUSA,2002,,,1114.424,5.433,0.389,0.183,
34129,North America (excl. USA),NAM-XUSA,2003,,,1164.18,5.601,0.397,0.19,
34130,North America (excl. USA),NAM-XUSA,2004,,,1161.729,5.517,0.38,0.184,
34131,North America (excl. USA),NAM-XUSA,2005,,,1189.13,5.575,0.374,0.182,
34132,North America (excl. USA),NAM-XUSA,2006,,,1206.296,5.584,0.361,0.183,
34133,North America (excl. USA),NAM-XUSA,2007,,,1233.613,5.636,0.356,0.182,
34134,North America (excl. USA),NAM-XUSA,2008,,,1216.395,5.483,0.343,0.178,
34135,North America (excl. USA),NAM-XUSA,2009,,,1168.716,5.198,0.339,0.176,
34136,North America (excl. USA),NAM-XUSA,2010,,,1183.444,5.195,0.328,0.176,
34137,North America (excl. USA),NAM-XUSA,2011,,,1219.653,5.286,0.324,0.176,
34138,North America (excl. USA),NAM-XUSA,2012,,,1237.71,5.296,0.32,0.177,
34139,North America (excl. USA),NAM-XUSA,2013,,,1236.8,5.227,0.313,0.174,
34140,North America (excl. USA),NAM-XUSA,2014,,,1226.072,5.122,0.301,0.172,
34141,North America (excl. USA),NAM-XUSA,2015,,,1227.612,5.073,0.294,0.172,
34142,North America (excl. USA),NAM-XUSA,2016,,,1214.238,4.965,0.285,0.171,
34143,North America (excl. USA),NAM-XUSA,2017,,,1205.758,4.88,0.276,0.166,
34144,North America (excl. USA),NAM-XUSA,2018,,,1220.009,4.886,0.272,0.167,
34145,North America (excl. USA),NAM-XUSA,2019,,,1231.214,4.88,0.271,0.17,
34146,North America (excl. USA),NAM-XUSA,2020,,,1112.0,4.368,0.263,0.165,
34147,North America (excl. USA),NAM-XUSA,2021,,,1160.539,4.524,0.26,0.167,
34148,North America (excl. USA),NAM-XUSA,2022,,,1188.572,4.595,0.258,0.185,
34149,North America (excl. USA),NAM-XUSA,2023,,,1212.159,4.642,,0.19,
35330,Oceania,OCE,1960,15862687.0,,100.299,6.363,0.554,,
35331,Oceania,OCE,1961,16216892.0,,100.183,6.217,0.545,,
35332,Oceania,OCE,1962,16560975.0,,103.294,6.277,0.533,,
35333,Oceania,OCE,1963,16904643.0,,109.55,6.522,0.532,,
35334,Oceania,OCE,1964,17254685.0,,118.718,6.925,0.542,,
35335,Oceania,OCE,1965,17617234.0,,129.477,7.398,0.561,0.253,
35336,Oceania,OCE,1966,17986085.0,,132.279,7.403,0.554,0.246,
35337,Oceania,OCE,1967,18332230.0,,138.611,7.611,0.555,0.246,
35338,Oceania,OCE,1968,18670230.0,,145.432,7.841,0.556,0.244,
35339,Oceania,OCE,1969,19033792.0,,153.719,8.129,0.55,0.249,
35340,Oceania,OCE,1970,19494207.0,,166.214,8.582,0.567,0.246,
35341,Oceania,OCE,1971,20036080.0,,170.642,8.573,0.557,0.24,
35342,Oceania,OCE,1972,20494153.0,,174.019,8.547,0.551,0.234,
35343,Oceania,OCE,1973,20866219.0,,193.62,9.341,0.58,0.244,
35344,Oceania,OCE,1974,21228272.0,,190.731,9.045,0.554,0.228,
35345,Oceania,OCE,1975,21555933.0,,196.82,9.193,0.56,0.231,
35346,Oceania,OCE,1976,21842496.0,,194.206,8.952,0.533,0.221,
35347,Oceania,OCE,1977,22114618.0,,207.572,9.451,0.57,0.226,
35348,Oceania,OCE,1978,22383482.0,,213.847,9.62,0.573,0.227,
35349,Oceania,OCE,1979,22653744.0,,213.96,9.511,0.547,0.219,
35350,Oceania,OCE,1980,22954479.0,,227.388,9.976,0.571,0.227,
35351,Oceania,OCE,1981,23307532.0,,235.792,10.19,0.569,0.232,
35352,Oceania,OCE,1982,23690694.0,,241.296,10.261,0.582,0.238,
35353,Oceania,OCE,1983,24064500.0,,230.603,9.656,0.553,0.229,
35354,Oceania,OCE,1984,24421099.0,,241.78,9.977,0.544,0.23,
35355,Oceania,OCE,1985,24777603.0,,251.882,10.246,0.543,0.234,
35356,Oceania,OCE,1986,25149865.0,,252.363,10.116,0.533,0.228,
35357,Oceania,OCE,1987,25544583.0,,264.348,10.434,0.536,0.233,
35358,Oceania,OCE,1988,25956456.0,,271.777,10.559,0.531,0.229,
35359,Oceania,OCE,1989,26377038.0,,287.94,11.01,0.541,0.232,
35360,Oceania,OCE,1990,26839396.0,,309.498,11.631,0.575,0.244,
35361,Oceania,OCE,1991,27315329.0,,311.623,11.507,0.581,0.246,
35362,Oceania,OCE,1992,27746645.0,,318.661,11.585,0.575,0.249,
35363,Oceania,OCE,1993,28154391.0,,322.915,11.57,0.556,0.246,
35364,Oceania,OCE,1994,28573082.0,,328.045,11.581,0.535,0.241,
35365,Oceania,OCE,1995,29025263.0,,339.531,11.8,0.532,0.242,
35366,Oceania,OCE,1996,29498696.0,,348.035,11.903,0.522,0.242,
35367,Oceania,OCE,1997,29964606.0,,358.497,12.072,0.515,0.244,
35368,Oceania,OCE,1998,30420065.0,,371.793,12.333,0.509,0.248,
35369,Oceania,OCE,1999,30880109.0,,382.561,12.503,0.5,0.247,
35370,Oceania,OCE,2000,31352964.0,,390.08,12.557,0.489,0.248,
35371,Oceania,OCE,2001,31847231.0,,400.358,12.686,0.488,0.252,
35372,Oceania,OCE,2002,32366012.0,,405.958,12.655,0.472,0.25,
35373,Oceania,OCE,2003,32894562.0,,415.715,12.749,0.466,0.254,
35374,Oceania,OCE,2004,33419057.0,,429.569,12.965,0.46,0.254,
35375,Oceania,OCE,2005,33956166.0,,434.553,12.906,0.449,0.257,
35376,Oceania,OCE,2006,34540357.0,,440.741,12.866,0.442,0.251,
35377,Oceania,OCE,2007,35190038.0,,448.667,12.853,0.428,0.25,
35378,Oceania,OCE,2008,35890356.0,,453.682,12.74,0.422,0.25,
35379,Oceania,OCE,2009,36593542.0,,452.965,12.473,0.412,0.253,
35380,Oceania,OCE,2010,37254081.0,,451.682,12.215,0.399,0.251,
35381,Oceania,OCE,2011,37890092.0,,450.4,11.974,0.386,0.244,
35382,Oceania,OCE,2012,38550533.0,,453.473,11.848,0.375,0.248,
35383,Oceania,OCE,2013,39233928.0,,446.241,11.454,0.361,0.241,
35384,Oceania,OCE,2014,39918740.0,,442.859,11.17,0.349,0.236,
35385,Oceania,OCE,2015,40615011.0,,452.079,11.206,0.348,0.236,
35386,Oceania,OCE,2016,41347228.0,,460.608,11.213,0.344,0.239,
35387,Oceania,OCE,2017,42093978.0,,465.37,11.126,0.339,0.241,
35388,Oceania,OCE,2018,42815507.0,,468.624,11.013,0.332,0.24,
35389,Oceania,OCE,2019,43504533.0,,470.051,10.87,0.326,0.233,
35390,Oceania,OCE,2020,44079302.0,,449.667,10.262,0.317,0.238,
35391,Oceania,OCE,2021,44558538.0,,439.662,9.925,0.294,0.233,
35392,Oceania,OCE,2022,45049682.0,,433.029,9.668,0.28,0.229,
35393,Oceania,OCE,2023,45563133.0,,430.303,9.499,,0.225,
42444,South America,SAM,1960,148441131.0,,199.141,1.342,0.273,,
42445,South America,SAM,1961,152563386.0,,201.756,1.323,0.259,,
42446,South America,SAM,1962,156774162.0,,215.63,1.376,0.265,,
42447,South America,SAM,1963,161065586.0,,219.379,1.362,0.266,,
42448,South America,SAM,1964,165413056.0,,230.148,1.392,0.262,,
42449,South America,SAM,1965,169787369.0,,240.093,1.414,0.26,0.234,
42450,South America,SAM,1966,174174977.0,,251.989,1.447,0.261,0.23,
42451,South America,SAM,1967,178570548.0,,267.328,1.497,0.267,0.235,
42452,South America,SAM,1968,182977286.0,,287.605,1.572,0.271,0.237,
42453,South America,SAM,1969,187410584.0,,311.235,1.661,0.274,0.245,
42454,South America,SAM,1970,191855152.0,,337.826,1.761,0.276,0.252,
42455,South America,SAM,1971,196342424.0,,346.539,1.765,0.265,0.242,
42456,South America,SAM,1972,200916855.0,,362.557,1.805,0.26,0.236,
42457,South America,SAM,1973,205568583.0,,392.667,1.911,0.259,0.232,
42458,South America,SAM,1974,210289337.0,,416.53,1.981,0.258,0.228,
42459,South America,SAM,1975,215072893.0,,411.658,1.915,0.247,0.222,
42460,South America,SAM,1976,219943056.0,,419.329,1.907,0.236,0.21,
42461,South America,SAM,1977,224941177.0,,434.808,1.934,0.233,0.205,
42462,South America,SAM,1978,230063999.0,,462.11,2.009,0.24,0.206,
42463,South America,SAM,1979,235280219.0,,494.336,2.102,0.243,0.204,
42464,South America,SAM,1980,240599662.0,,508.354,2.113,0.237,0.195,
42465,South America,SAM,1981,246004194.0,,489.719,1.991,0.233,0.188,
42466,South America,SAM,1982,251463263.0,,490.87,1.953,0.236,0.184,
42467,South America,SAM,1983,256993741.0,,485.836,1.891,0.239,0.18,
42468,South America,SAM,1984,262567860.0,,491.463,1.872,0.233,0.175,
42469,South America,SAM,1985,268127334.0,,501.803,1.872,0.231,0.171,
42470,South America,SAM,1986,273653737.0,,529.759,1.937,0.227,0.17,
42471,South America,SAM,1987,279159635.0,,557.252,1.997,0.231,0.172,
42472,South America,SAM,1988,284663491.0,,580.267,2.039,0.238,0.174,
42473,South America,SAM,1989,290157635.0,,579.758,1.999,0.238,0.171,
42474,South America,SAM,1990,295639581.0,,598.211,2.024,0.248,0.175,
42475,South America,SAM,1991,301035778.0,,605.973,2.014,0.239,0.172,
42476,South America,SAM,1992,306386107.0,,618.012,2.018,0.235,0.169,
42477,South America,SAM,1993,311712466.0,,652.646,2.095,0.237,0.171,
42478,South America,SAM,1994,316983659.0,,655.497,2.069,0.225,0.162,
42479,South America,SAM,1995,322239767.0,,689.45,2.14,0.227,0.163,
42480,South America,SAM,1996,327454410.0,,719.745,2.199,0.229,0.163,
42481,South America,SAM,1997,332642671.0,,766.817,2.306,0.231,0.165,
42482,South America,SAM,1998,337868223.0,,791.004,2.342,0.234,0.165,
42483,South America,SAM,1999,343039486.0,,812.984,2.371,0.242,0.17,
42484,South America,SAM,2000,348018740.0,,812.434,2.336,0.233,0.165,
42485,South America,SAM,2001,352811862.0,,792.003,2.246,0.224,0.162,
42486,South America,SAM,2002,357458484.0,,819.945,2.295,0.23,0.166,
42487,South America,SAM,2003,361970821.0,,820.536,2.268,0.224,0.165,
42488,South America,SAM,2004,366372163.0,,856.859,2.34,0.217,0.163,
42489,South America,SAM,2005,370696354.0,,881.497,2.379,0.211,0.162,
42490,South America,SAM,2006,374925359.0,,909.106,2.426,0.204,0.159,
42491,South America,SAM,2007,379035649.0,,943.891,2.492,0.197,0.157,
42492,South America,SAM,2008,383025005.0,,987.699,2.58,0.195,0.159,
42493,South America,SAM,2009,386904373.0,,961.25,2.486,0.191,0.156,
42494,South America,SAM,2010,390701115.0,,1072.223,2.746,0.198,0.166,
42495,South America,SAM,2011,394477911.0,,1089.016,2.762,0.19,0.162,
42496,South America,SAM,2012,398255314.0,,1143.937,2.874,0.195,0.163,
42497,South America,SAM,2013,402022549.0,,1208.386,3.008,0.199,0.169,
42498,South America,SAM,2014,405812430.0,,1224.246,3.019,0.201,0.169,
42499,South America,SAM,2015,409619968.0,,1195.139,2.92,0.199,0.167,
42500,South America,SAM,2016,413395033.0,,1146.174,2.774,0.196,0.161,
42501,South America,SAM,2017,417045358.0,,1130.036,2.711,0.192,0.158,
42502,South America,SAM,2018,420440406.0,,1077.71,2.565,0.183,0.152,
42503,South America,SAM,2019,423548289.0,,1084.626,2.563,0.185,0.155,
42504,South America,SAM,2020,426213551.0,,979.441,2.3,0.178,0.151,
42505,South America,SAM,2021,428331420.0,,1079.731,2.523,0.183,0.154,
42506,South America,SAM,2022,430492814.0,,1096.153,2.548,0.179,0.155,
42507,South America,SAM,2023,433024230.0,,1108.965,2.563,,0.152,
49505,World,WLD,1960,3015470890.0,13338076512256.0,9387.011,3.113,0.704,,
49506,World,WLD,1961,3064869656.0,,9415.042,3.072,,,
49507,World,WLD,1962,3123374299.0,,9747.287,3.121,,,
49508,World,WLD,1963,3192807820.0,,10266.772,3.216,,,
49509,World,WLD,1964,3264487340.0,,10824.466,3.316,,,
49510,World,WLD,1965,3334533717.0,,11310.601,3.392,,0.261,
49511,World,WLD,1966,3404041107.0,,11862.646,3.485,,0.259,
49512,World,WLD,1967,3473412894.0,,12237.369,3.523,,0.258,
49513,World,WLD,1968,3545187239.0,,12905.283,3.64,,0.257,
49514,World,WLD,1969,3619491592.0,,13761.785,3.802,,0.256,
49515,World,WLD,1970,3694683801.0,21941933047808.0,14899.124,4.033,0.679,0.261,2.605
49516,World,WLD,1971,3769847834.0,,15503.854,4.113,,0.261,
49517,World,WLD,1972,3844917687.0,,16224.597,4.22,,0.259,
49518,World,WLD,1973,3920805030.0,,17085.094,4.358,,0.258,
49519,World,WLD,1974,3996416108.0,,17011.072,4.257,,0.255,
49520,World,WLD,1975,4070735264.0,,17052.752,4.189,,0.254,
49521,World,WLD,1976,4144246391.0,,17989.111,4.341,,0.254,
49522,World,WLD,1977,4217863819.0,,18498.635,4.386,,0.252,
49523,World,WLD,1978,4292097508.0,,19069.291,4.443,,0.25,
49524,World,WLD,1979,4368539472.0,,19609.02,4.489,,0.249,
49525,World,WLD,1980,4447606208.0,31982614478848.0,19488.523,4.382,0.609,0.25,2.439
49526,World,WLD,1981,4528777285.0,,19022.902,4.2,,0.245,
49527,World,WLD,1982,4612673436.0,,18871.098,4.091,,0.244,
49528,World,WLD,1983,4697327604.0,,18991.91,4.043,,0.242,
49529,World,WLD,1984,4782175500.0,,19647.801,4.109,,0.239,
49530,World,WLD,1985,4868943460.0,,20311.902,4.172,,0.241,
49531,World,WLD,1986,4958072822.0,,20614.963,4.158,,0.239,
49532,World,WLD,1987,5049746378.0,,21250.074,4.208,,0.238,
49533,World,WLD,1988,5141992550.0,,22085.131,4.295,,0.238,
49534,World,WLD,1989,5234431714.0,,22386.637,4.277,,0.237,
49535,World,WLD,1990,5327803075.0,43033605177344.0,22728.988,4.266,0.528,0.238,2.22
49536,World,WLD,1991,5418735879.0,,23186.102,4.279,,0.241,
49537,World,WLD,1992,5505989821.0,,22528.172,4.092,,0.233,
49538,World,WLD,1993,5591544841.0,,22755.787,4.07,,0.233,
49539,World,WLD,1994,5675551281.0,,22992.947,4.051,,0.232,
49540,World,WLD,1995,5758878997.0,,23532.084,4.086,,0.233,
49541,World,WLD,1996,5842055726.0,,24258.168,4.152,,0.233,
49542,World,WLD,1997,5924787787.0,,24401.906,4.119,,0.232,
49543,World,WLD,1998,6007066714.0,,24303.777,4.046,,0.23,
49544,World,WLD,1999,6089006330.0,,24853.729,4.082,,0.231,
49545,World,WLD,2000,6171703018.0,59897668435968.0,25510.553,4.133,0.426,0.231,1.843
49546,World,WLD,2001,6254936479.0,,25706.293,4.11,,0.231,
49547,World,WLD,2002,6337730319.0,,26276.869,4.146,,0.231,
49548,World,WLD,2003,6420361649.0,,27669.49,4.31,,0.235,
49549,World,WLD,2004,6503377778.0,,28632.506,4.403,,0.231,
49550,World,WLD,2005,6586970145.0,,29614.395,4.496,,0.232,
49551,World,WLD,2006,6671452018.0,,30628.396,4.591,,0.233,
49552,World,WLD,2007,6757308750.0,,31534.645,4.667,,0.233,
49553,World,WLD,2008,6844457675.0,,32074.199,4.686,,0.234,
49554,World,WLD,2009,6932766459.0,,31541.922,4.55,,0.234,
49555,World,WLD,2010,7021732131.0,89807707439104.0,33355.902,4.75,0.371,0.236,1.575
49556,World,WLD,2011,7110923797.0,,34504.539,4.852,,0.238,
49557,World,WLD,2012,7201202531.0,,35000.02,4.86,,0.239,
49558,World,WLD,2013,7291793608.0,,35301.656,4.841,,0.236,
49559,World,WLD,2014,7381616239.0,,35450.094,4.802,,0.235,
49560,World,WLD,2015,7470491904.0,106871830609920.0,35404.898,4.739,0.331,0.233,1.423
49561,World,WLD,2016,7558554580.0,110407201062912.0,35416.656,4.686,0.321,0.231,1.391
49562,World,WLD,2017,7645618013.0,114529589526528.0,35989.898,4.707,0.314,0.229,1.373
49563,World,WLD,2018,7729902724.0,118765811400704.0,36730.426,4.752,0.309,0.227,1.36
49564,World,WLD,2019,7811293714.0,122149364826112.0,37104.273,4.75,0.304,0.227,1.337
49565,World,WLD,2020,7887001284.0,118590019731456.0,35126.527,4.454,0.296,0.223,1.33
49566,World,WLD,2021,7954448405.0,126004794228736.0,36991.734,4.65,0.294,0.223,1.315
49567,World,WLD,2022,8021407170.0,130112561348608.0,37293.836,4.649,0.287,0.221,1.297
49568,World,WLD,2023,8091734935.0,,37791.57,4.67,,0.22,
